row,sku,description,family,family_discount,group,parent_handle,parent_title,sub_product_handle,sub_product_title,size_slug,size_label,options_flat,variant_sku,variant_title,recommended_nok,net_nok,unmapped,error
5,RB35,"Rampball® 35 for wet pour surfaces | ø 35 cm, tilting.",Tilting and rotating balance balls,0.3,A-equipment,rampline-rampball,Rampball,rampline-rampball-35,Rampball 35,35,Rampball 35,Surface=wet_pour:Wet pour,RB35,Wet pour,19871.0,13909.7,,
6,RB35 AG,"Rampball® 35 for artificial grass | ø 35 cm, tilting. incl. PETG mounting ring.",Tilting and rotating balance balls,0.3,A-equipment,rampline-rampball,Rampball,rampline-rampball-35,Rampball 35,35,Rampball 35,Surface=artificial_grass:Artificial grass,RB35 AG,Artificial grass,21055.0,14738.5,,
7,RB35 G,"Rampball® 35 for grass | ø 35 cm, tilting. incl mounting bracket for 21,5 cm depth.",Tilting and rotating balance balls,0.3,A-equipment,rampline-rampball,Rampball,rampline-rampball-35,Rampball 35,35,Rampball 35,Surface=grass:Grass,RB35 G,Grass,23063.0,16144.1,,
8,RB35 LF,"Rampball® 35 for loose fills | ø 35 cm, tilting. incl mounting bracket for 30 cm depth.",Tilting and rotating balance balls,0.3,A-equipment,rampline-rampball,Rampball,rampline-rampball-35,Rampball 35,35,Rampball 35,Surface=loose_fills:Loose fills,RB35 LF,Loose fills,23063.0,16144.1,,
9,RB50,"Rampball® 50 for wet pour surfaces | ø 50 cm, tilting.",Tilting and rotating balance balls,0.3,A-equipment,rampline-rampball,Rampball,rampline-rampball-50,Rampball 50,50,Rampball 50,Surface=wet_pour:Wet pour,RB50,Wet pour,26108.0,18275.6,,
10,RB50 AG,"Rampball® 50 for artificial grass | ø 50 cm, tilting. incl. PETG mounting ring.",Tilting and rotating balance balls,0.3,A-equipment,rampline-rampball,Rampball,rampline-rampball-50,Rampball 50,50,Rampball 50,Surface=artificial_grass:Artificial grass,RB50 AG,Artificial grass,27292.0,19104.4,,
11,RB50 G,"Rampball® 50 for grass | ø 50 cm, tilting. incl mounting bracket for 21,5 cm depth.",Tilting and rotating balance balls,0.3,A-equipment,rampline-rampball,Rampball,rampline-rampball-50,Rampball 50,50,Rampball 50,Surface=grass:Grass,RB50 G,Grass,29300.0,20510.0,,
12,RB50 LF,"Rampball® 50 for loose fills | ø 50 cm, tilting. incl mounting bracket for 30 cm depth.",Tilting and rotating balance balls,0.3,A-equipment,rampline-rampball,Rampball,rampline-rampball-50,Rampball 50,50,Rampball 50,Surface=loose_fills:Loose fills,RB50 LF,Loose fills,29300.0,20510.0,,
13,RB50R,"Rampball® 50R for wet pour surfaces | ø 50 cm, tilting and rotating.",Tilting and rotating balance balls,0.3,A-equipment,rampline-rampball,Rampball,rampline-rampball-50r,Rampball 50R,50r,Rampball 50R,Surface=wet_pour:Wet pour,RB50R,Wet pour,32346.0,22642.2,,
14,RB50R AG,"Rampball® 50R for artificial grass | ø 50 cm, tilting and rotating. incl. PETG mounting ring.",Tilting and rotating balance balls,0.3,A-equipment,rampline-rampball,Rampball,rampline-rampball-50r,Rampball 50R,50r,Rampball 50R,Surface=artificial_grass:Artificial grass,RB50R AG,Artificial grass,33530.0,23471.0,,
15,RB50R G,"Rampball® 50R for grass | ø 50 cm, tilting and rotating. incl mounting bracket for 21,5 cm depth.",Tilting and rotating balance balls,0.3,A-equipment,rampline-rampball,Rampball,rampline-rampball-50r,Rampball 50R,50r,Rampball 50R,Surface=grass:Grass,RB50R G,Grass,35538.0,24876.6,,
16,RB50R LF,"Rampball® 50R for loose fills | ø 50 cm, tilting and rotating. incl mounting bracket for 30 cm depth.",Tilting and rotating balance balls,0.3,A-equipment,rampline-rampball,Rampball,rampline-rampball-50r,Rampball 50R,50r,Rampball 50R,Surface=loose_fills:Loose fills,RB50R LF,Loose fills,35538.0,24876.6,,
17,RB70R,"Rampball® 70R for wet pour surfaces | ø 70 cm, tilting and rotating.",Tilting and rotating balance balls,0.3,A-equipment,rampline-rampball,Rampball,rampline-rampball-70r,Rampball 70R,70r,Rampball 70R,Surface=wet_pour:Wet pour,RB70R,Wet pour,45266.0,31686.2,,
18,RB70R AG,"Rampball® 70R for artificial grass | ø 70 cm, tilting and rotating. incl. PETG mounting ring.",Tilting and rotating balance balls,0.3,A-equipment,rampline-rampball,Rampball,rampline-rampball-70r,Rampball 70R,70r,Rampball 70R,Surface=artificial_grass:Artificial grass,RB70R AG,Artificial grass,46624.0,32636.8,,
19,RB70R G,"Rampball® 70R for grass | ø 70 cm, tilting and rotating. incl mounting bracket for 21,5 cm depth.",Tilting and rotating balance balls,0.3,A-equipment,rampline-rampball,Rampball,rampline-rampball-70r,Rampball 70R,70r,Rampball 70R,Surface=grass:Grass,RB70R G,Grass,48458.0,33920.6,,
20,RB70R LF,"Rampball® 70R for loose fills | ø 70 cm, tilting and rotating. incl mounting bracket for 30 cm depth.",Tilting and rotating balance balls,0.3,A-equipment,rampline-rampball,Rampball,rampline-rampball-70r,Rampball 70R,70r,Rampball 70R,Surface=loose_fills:Loose fills,RB70R LF,Loose fills,48458.0,33920.6,,
31,RL410,Rampline® slack line | for wet pour surfaces or artificial grass.,Slack line rack with padded ramps and dynamic line,0.3,A-equipment,rampline-rampline-slackline,Rampline slackline,rampline-rampline-slackline,Rampline slackline,,,Surface=wet_pour:Wet pour,RL410,Wet pour,39228.0,27459.6,,
32,RL410 EXT,Rampline® slack line extended | For grass and loose fills.,Slack line rack with padded ramps and dynamic line,0.3,A-equipment,rampline-rampline-slackline,Rampline slackline,rampline-rampline-slackline,Rampline slackline,,,Surface=loose_fills:Loose fills,RL410 EXT,Loose fills,43411.0,30387.7,,
42,JS27,Jumpstone™ 27 for wet pour surfaces | ø 27 cm,Natural rubber jump pads with a rough surface.,0.3,A-equipment,rampline-jumpstone-en,Jumpstone,rampline-jumpstone-en-27,Jumpstone 27,27,Jumpstone 27,Surface=wet_pour:Wet pour,JS27,Wet pour,12813.0,8969.1,,
43,JS27 AG,Jumpstone™ 27 for artificial grass | ø 27 cm. incl. PETG mounting ring,Natural rubber jump pads with a rough surface.,0.3,A-equipment,rampline-jumpstone-en,Jumpstone,rampline-jumpstone-en-27,Jumpstone 27,27,Jumpstone 27,Surface=artificial_grass:Artificial grass,JS27 AG,Artificial grass,13997.0,9797.9,,
44,JS27 G,"Jumpstone™ 27 for grass | ø 27 cm. incl mounting bracket for 21,5 cm depth",Natural rubber jump pads with a rough surface.,0.3,A-equipment,rampline-jumpstone-en,Jumpstone,rampline-jumpstone-en-27,Jumpstone 27,27,Jumpstone 27,Surface=grass:Grass,JS27 G,Grass,16005.0,11203.5,,
45,JS27 LF,Jumpstone™ 27 for loose fills | ø 27 cm. incl mounting bracket for 30 cm depth,Natural rubber jump pads with a rough surface.,0.3,A-equipment,rampline-jumpstone-en,Jumpstone,rampline-jumpstone-en-27,Jumpstone 27,27,Jumpstone 27,Surface=loose_fills:Loose fills,JS27 LF,Loose fills,16005.0,11203.5,,
46,JS50,Jumpstone™ 50 for wet pour surfaces | ø 50 cm,Natural rubber jump pads with a rough surface.,0.3,A-equipment,rampline-jumpstone-en,Jumpstone,rampline-jumpstone-en-50,Jumpstone 50,50,Jumpstone 50,Surface=wet_pour:Wet pour,JS50,Wet pour,17618.0,12332.6,,
47,JS50 AG,Jumpstone™ 50 for artificial grass | ø 50 cm. incl. PETG  mounting ring,Natural rubber jump pads with a rough surface.,0.3,A-equipment,rampline-jumpstone-en,Jumpstone,rampline-jumpstone-en-50,Jumpstone 50,50,Jumpstone 50,Surface=artificial_grass:Artificial grass,JS50 AG,Artificial grass,20810.0,14567.0,,
48,JS50 G,"Jumpstone™ 50 for grass | ø 50 cm. incl mounting bracket for 21,5 cm depth",Natural rubber jump pads with a rough surface.,0.3,A-equipment,rampline-jumpstone-en,Jumpstone,rampline-jumpstone-en-50,Jumpstone 50,50,Jumpstone 50,Surface=grass:Grass,JS50 G,Grass,20810.0,14567.0,,
49,JS50 LF,Jumpstone™ 50 for loose fills | ø 50 cm. incl mounting bracket for 30 cm depth,Natural rubber jump pads with a rough surface.,0.3,A-equipment,rampline-jumpstone-en,Jumpstone,rampline-jumpstone-en-50,Jumpstone 50,50,Jumpstone 50,Surface=loose_fills:Loose fills,JS50 LF,Loose fills,20810.0,14567.0,,
50,JS3,Jumpstone™ obstacle cource for wet pour surfaces,Natural rubber jump pads with a rough surface.,0.3,A-equipment,rampline-jumpstone-en,Jumpstone,rampline-jumpstone-en-3,Jumpstone 3,3,Jumpstone 3,Surface=wet_pour:Wet pour,JS3,Wet pour,34595.0,24216.5,,
51,JS3 AG,Jumpstone™ obstacle cource for artificial grass | incl. PETG  mounting ring,Natural rubber jump pads with a rough surface.,0.3,A-equipment,rampline-jumpstone-en,Jumpstone,rampline-jumpstone-en-3,Jumpstone 3,3,Jumpstone 3,Surface=artificial_grass:Artificial grass,JS3 AG,Artificial grass,39043.0,27330.1,,
52,JS3 G,"Jumpstone™ obstacle cource for grass | incl mounting bracket for 21,5 cm depth",Natural rubber jump pads with a rough surface.,0.3,A-equipment,rampline-jumpstone-en,Jumpstone,rampline-jumpstone-en-3,Jumpstone 3,3,Jumpstone 3,Surface=grass:Grass,JS3 G,Grass,42256.0,29579.2,,
53,JS3 LF,Jumpstone™ obstacle cource for loose fills  | incl mounting bracket for 30 cm depth,Natural rubber jump pads with a rough surface.,0.3,A-equipment,rampline-jumpstone-en,Jumpstone,rampline-jumpstone-en-3,Jumpstone 3,3,Jumpstone 3,Surface=loose_fills:Loose fills,JS3 LF,Loose fills,42256.0,29579.2,,
54,JS5,Jumpstone™ obstacle cource for wet pour surfaces (5),Natural rubber jump pads with a rough surface.,0.3,A-equipment,rampline-jumpstone-en,Jumpstone,rampline-jumpstone-en-5,Jumpstone 5,5,Jumpstone 5,Surface=wet_pour:Wet pour,JS5,Wet pour,51573.0,36101.1,,
55,JS5 AG,Jumpstone™ obstacle cource for artificial grass | incl. PETG  mounting ring,Natural rubber jump pads with a rough surface.,0.3,A-equipment,rampline-jumpstone-en,Jumpstone,rampline-jumpstone-en-5,Jumpstone 5,5,Jumpstone 5,Surface=artificial_grass:Artificial grass,JS5 AG,Artificial grass,58528.0,40969.6,,
56,JS5 G,"Jumpstone™ obstacle cource for grass | incl mounting bracket for 21,5 cm depth",Natural rubber jump pads with a rough surface.,0.3,A-equipment,rampline-jumpstone-en,Jumpstone,rampline-jumpstone-en-5,Jumpstone 5,5,Jumpstone 5,Surface=grass:Grass,JS5 G,Grass,62745.0,43921.5,,
57,JS5 LF,Jumpstone™ obstacle cource for loose fills  | incl mounting bracket for 30 cm depth,Natural rubber jump pads with a rough surface.,0.3,A-equipment,rampline-jumpstone-en,Jumpstone,rampline-jumpstone-en-5,Jumpstone 5,5,Jumpstone 5,Surface=loose_fills:Loose fills,JS5 LF,Loose fills,62745.0,43921.5,,
63,BB216R,BalanceBuddy™ 216 straight | Length 216 cm. for installation in wet pour surfaces and artificial grass.,"Balance beam, with shock absorbing natural rubber padding",0.3,A-equipment,rampline-balancebuddy-en,BalanceBuddy,rampline-balancebuddy-en,BalanceBuddy,,,Length=216cm:216 cm|Style=straight_wp:Straight (wet pour),BB216R,216 cm / Straight (wet pour),20554.0,14387.8,,
64,BB216R EXT,"BalanceBuddy™ 216 straight, extended | Length 216 cm. for installation in grass and loose fills.","Balance beam, with shock absorbing natural rubber padding",0.3,A-equipment,rampline-balancebuddy-en,BalanceBuddy,rampline-balancebuddy-en,BalanceBuddy,,,Length=216cm:216 cm|Style=straight_lf:Straight (loose fills),BB216R EXT,216 cm / Straight (loose fills),22544.0,15780.8,,
65,BB216S,BalanceBuddy™ 216 slanted | Length 216 cm. for installation in wet pour surfaces and artificial grass.,"Balance beam, with shock absorbing natural rubber padding",0.3,A-equipment,rampline-balancebuddy-en,BalanceBuddy,rampline-balancebuddy-en,BalanceBuddy,,,Length=216cm:216 cm|Style=slanted_wp:Slanted (wet pour),BB216S,216 cm / Slanted (wet pour),20554.0,14387.8,,
66,BB316R,BalanceBuddy™ 316 straight | Length 316 cm. for installation in wet pour surfaces and artificial grass.,"Balance beam, with shock absorbing natural rubber padding",0.3,A-equipment,rampline-balancebuddy-en,BalanceBuddy,rampline-balancebuddy-en,BalanceBuddy,,,Length=316cm:316 cm|Style=straight_wp:Straight (wet pour),BB316R,316 cm / Straight (wet pour),26970.0,18879.0,,
67,BB316R EXT,"BalanceBuddy™ 316 straight, extended | Length 316 cm. for installation in grass and loose fills.","Balance beam, with shock absorbing natural rubber padding",0.3,A-equipment,rampline-balancebuddy-en,BalanceBuddy,rampline-balancebuddy-en,BalanceBuddy,,,Length=316cm:316 cm|Style=straight_lf:Straight (loose fills),BB316R EXT,316 cm / Straight (loose fills),28960.0,20272.0,,
68,BB316S,BalanceBuddy™ 316 slanted | Length 316 cm. for installation in wet pour surfaces and artificial grass.,"Balance beam, with shock absorbing natural rubber padding",0.3,A-equipment,rampline-balancebuddy-en,BalanceBuddy,rampline-balancebuddy-en,BalanceBuddy,,,Length=316cm:316 cm|Style=slanted_wp:Slanted (wet pour),BB316S,316 cm / Slanted (wet pour),26970.0,18879.0,,
74,BB316W,BalanceBuddy Wave™  | Balance beam,"Zig-Zag balance beam, with shock absorbing natural rubber padding",0.3,A-equipment,rampline-balancebuddy-wave,Balancebuddy Wave,rampline-balancebuddy-wave,Balancebuddy Wave,,,Surface=wet_pour:Wet pour,BB316W,Wet pour,33207.0,23244.9,,
75,BB316W LF,BalanceBuddy Wave™ | Balance beam loose fills,"Zig-Zag balance beam, with shock absorbing natural rubber padding",0.3,A-equipment,rampline-balancebuddy-wave,Balancebuddy Wave,rampline-balancebuddy-wave,Balancebuddy Wave,,,Surface=loose_fills:Loose fills,BB316W LF,Loose fills,35329.0,24730.3,,
82,F3 1002,Fungi™ 3 | Climbing mushroom with 3 stems,Climbing mushrooms,0.3,A-equipment,rampline-fungi-eng,Fungi,rampline-fungi-eng,Fungi,,,Size=3_stems_wp:3 stems (wet pour),F3 1002,3 stems (wet pour),28455.0,19918.5,,
83,F5 1002,Fungi™ 5 | Climbing mushroom with 5 stems,Climbing mushrooms,0.3,A-equipment,rampline-fungi-eng,Fungi,rampline-fungi-eng,Fungi,,,Size=5_stems_wp:5 stems (wet pour),F5 1002,5 stems (wet pour),35108.0,24575.6,,
84,F5 EXT 1002,Fungi™ 5 extended | Climbing mushroom with 5 stems for grass and loose fills,Climbing mushrooms,0.3,A-equipment,rampline-fungi-eng,Fungi,rampline-fungi-eng,Fungi,,,Size=5_stems_lf:5 stems (loose fills),F5 EXT 1002,5 stems (loose fills),38286.0,26800.2,,
91,4551 9001,Rampit Twin™ 200 | Height installed in wet pour surfaces or artificial grass: 200 cm,"Fully welded, and powdercoated gim barr",0.3,A-equipment,rampline-rampit-swing,Rampit TWIN,rampline-rampit-swing,Rampit TWIN,,,Size=200cm:200 cm,4551 9001,200 cm,33356.0,23349.2,,
92,4551 EXT,Rampit Twin™ 220 | Height installed in wet pour surfaces/artificial grass: 220 cm - loose fills: 200 cm,"Fully welded, and powdercoated gim barr",0.3,A-equipment,rampline-rampit-swing,Rampit TWIN,rampline-rampit-swing,Rampit TWIN,,,Size=220cm:220 cm,4551 EXT,220 cm,35079.0,24555.3,,
99,4552 6011,Rampit™ 85 | Height installed in wet pour surfaces/artificial grass: 85 cm,"Fully welded, and powdercoated activity rack",0.3,A-equipment,rampline-rampit,Rampit,rampline-rampit,Rampit,,,Size=85cm:85 cm,4552 6011,85 cm,21891.0,15323.7,,
100,4553 6011,Rampit™ 120 | Height installed in wet pour surfaces/artificial grass: 120 cm - grass/loose fills: 95 cm,"Fully welded, and powdercoated activity rack",0.3,A-equipment,rampline-rampit,Rampit,rampline-rampit,Rampit,,,Size=120cm:120 cm,4553 6011,120 cm,24118.0,16882.6,,
101,4554 9001,Rampit™ 150 | Height installed in wet pour surfaces/artificial grass: 150 cm - loose fills: 126 cm,"Fully welded, and powdercoated activity rack",0.3,A-equipment,rampline-rampit,Rampit,rampline-rampit,Rampit,,,Size=150cm:150 cm,4554 9001,150 cm,25396.0,17777.2,,
108,4562 1002 E,Rampit Hopper™ activity bars - RAL 1002 Sand Yellow (STD),"Fully welded, and powdercoated activity bars and turning pads",0.3,A-equipment,rampline-rampit-hopper,Rampit Hopper,rampline-rampit-hopper,Rampit Hopper,,,Component=activity_bars:Activity bars|Surface=wet_pour:Wet pour,4562 1002 E,Activity bars / Wet pour,46631.0,32641.7,,
109,4561 1002,Hopper™ rack,"Fully welded, and powdercoated activity bars and turning pads",0.3,A-equipment,rampline-rampit-hopper,Rampit Hopper,rampline-rampit-hopper,Rampit Hopper,,,Component=rack:Rack|Surface=wet_pour:Wet pour,4561 1002,Rack / Wet pour,5643.0,3950.1,,
110,4561-1 1002,Hopper™ turning pads,"Fully welded, and powdercoated activity bars and turning pads",0.3,A-equipment,rampline-rampit-hopper,Rampit Hopper,rampline-rampit-hopper,Rampit Hopper,,,Component=turning_pads:Turning pads|Surface=wet_pour:Wet pour,4561-1 1002,Turning pads / Wet pour,9208.0,6445.6,,
111,4562 EXT 1002 E,Rampit Hopper™ activity bars (for loose fills) - RAL 1002 Sand Yellow (STD),"Fully welded, and powdercoated activity bars and turning pads",0.3,A-equipment,rampline-rampit-hopper,Rampit Hopper,rampline-rampit-hopper,Rampit Hopper,,,Component=activity_bars:Activity bars|Surface=loose_fills:Loose fills,4562 EXT 1002 E,Activity bars / Loose fills,50346.0,35242.2,,
112,4561 EXT 1002,Hopper™ rack for loose fills,"Fully welded, and powdercoated activity bars and turning pads",0.3,A-equipment,rampline-rampit-hopper,Rampit Hopper,rampline-rampit-hopper,Rampit Hopper,,,Component=rack:Rack|Surface=loose_fills:Loose fills,4561 EXT 1002,Rack / Loose fills,6386.0,4470.2,,
113,4561 EXT-1 1002,Hopper™ turning pads for loose fills,"Fully welded, and powdercoated activity bars and turning pads",0.3,A-equipment,rampline-rampit-hopper,Rampit Hopper,rampline-rampit-hopper,Rampit Hopper,,,Component=turning_pads:Turning pads|Surface=loose_fills:Loose fills,4561 EXT-1 1002,Turning pads / Loose fills,9208.0,6445.6,,
120,4556 9001,"Rampit Storm | Climbing pole, inkl anchoring system","Powder coated climbing pole, with bell on top",0.3,A-equipment,rampline-rampit-storm-en,Rampit Storm,rampline-rampit-storm-en,Rampit Storm,,,,4556 9001,Default,38316.0,26821.2,,
127,4560 6011,Rampbow | Balance arch,Powder coated balance arch,0.3,A-equipment,rampline-rampbow,Rampbow,rampline-rampbow,Rampbow,,,Surface=wet_pour:Wet pour,4560 6011,Wet pour,33831.0,23681.7,,
128,4560 6011 EXT,Rampbow | Balance arch for loose fills,Powder coated balance arch,0.3,A-equipment,rampline-rampbow,Rampbow,rampline-rampbow,Rampbow,,,Surface=loose_fills:Loose fills,4560 6011 EXT,Loose fills,38499.0,26949.3,,
135,FB33,FloatingBench™ |  Acticity bench incl installation. Minimum delivery is 30 lm (unit = meter),"Individually adapted bench that floats and rolls through the landscape, inspiring the user to creative physical movements",0.15,A-equipment,rampline-floating-bench,Floating Bench,rampline-floating-bench,Floating Bench,,,Type=bench:Bench,FB33,Bench,14482.0,12309.7,,
136,FB33LED,LED-strip| incl. drivers (unit = meter),"Individually adapted bench that floats and rolls through the landscape, inspiring the user to creative physical movements",0.15,A-equipment,rampline-floating-bench,Floating Bench,rampline-floating-bench,Floating Bench,,,Type=led_strip:LED strip (per meter),FB33LED,LED strip (per meter),4980.0,4233.0,,
137,FB33-1,Customization/site addaption,"Individually adapted bench that floats and rolls through the landscape, inspiring the user to creative physical movements",0.15,A-equipment,rampline-floating-bench,Floating Bench,rampline-floating-bench,Floating Bench,,,Type=customization:Customization / site adaptation,FB33-1,Customization / site adaptation,20808.0,20808.0,,
138,FB33-2,Rigging & Operation,"Individually adapted bench that floats and rolls through the landscape, inspiring the user to creative physical movements",0.15,A-equipment,rampline-floating-bench,Floating Bench,rampline-floating-bench,Floating Bench,,,Type=rigging:Rigging & operation,FB33-2,Rigging & operation,20808.0,20808.0,,
145,SD 02,ShockDeck™ U-piece | shock absorbing component of natural rubber,SHOCKDECK™,0.3,B-component,rampline-shockdeck,ShockDeck,rampline-shockdeck,ShockDeck,,ShockDeck component,,SD 02,U-piece,104.0,72.8,,
154,BP 01,Kangaaro,SHOCKDECK™,0.3,B-park,rampline-kangaroo,Kangaroo,rampline-kangaroo,Kangaroo,,Kangaroo,Surface=wet_pour:Wet pour,BP 01,Wet pour,367052.0,343515.0,,
155,BP 01 LF,- for installation in grass/loose fills,SHOCKDECK™,0.3,B-park,rampline-kangaroo,Kangaroo,rampline-kangaroo,Kangaroo,,Kangaroo,Surface=loose_fills:Loose fills,BP 01 LF,Loose fills,375418.0,349371.0,,
156,BP 01 AG,- for installation in artificial grass,SHOCKDECK™,0.3,B-park,rampline-kangaroo,Kangaroo,rampline-kangaroo,Kangaroo,,Kangaroo,Surface=artificial_grass:Artificial grass,BP 01 AG,Artificial grass,367052.0,343515.0,,
158,BP 03,Jane Jump,SHOCKDECK™,0.3,B-park,rampline-jane-jump,Jane Jump,rampline-jane-jump,Jane Jump,,Jane Jump,Surface=wet_pour:Wet pour,BP 03,Wet pour,262946.0,196431.0,,
159,BP 03 LF,- for installation in grass/loose fills,SHOCKDECK™,0.3,B-park,rampline-jane-jump,Jane Jump,rampline-jane-jump,Jane Jump,,Jane Jump,Surface=loose_fills:Loose fills,BP 03 LF,Loose fills,280535.0,208743.0,,
160,BP 03 AG,- for installation in artificial grass,SHOCKDECK™,0.3,B-park,rampline-jane-jump,Jane Jump,rampline-jane-jump,Jane Jump,,Jane Jump,Surface=artificial_grass:Artificial grass,BP 03 AG,Artificial grass,268162.0,200082.0,,
162,BP 05,Monkey Business,SHOCKDECK™,0.3,B-park,rampline-monkey-business,Monkey Business,rampline-monkey-business,Monkey Business,,Monkey Business,Surface=wet_pour:Wet pour,BP 05,Wet pour,227875.0,159512.0,,
163,BP 05 LF,- for installation in grass/loose fills,SHOCKDECK™,0.3,B-park,rampline-monkey-business,Monkey Business,rampline-monkey-business,Monkey Business,,Monkey Business,Surface=loose_fills:Loose fills,BP 05 LF,Loose fills,239996.0,167997.0,,
164,BP 05 AG,- for installation in artificial grass,SHOCKDECK™,0.3,B-park,rampline-monkey-business,Monkey Business,rampline-monkey-business,Monkey Business,,Monkey Business,Surface=artificial_grass:Artificial grass,BP 05 AG,Artificial grass,227875.0,159512.0,,
166,BP 06,All'In,SHOCKDECK™,0.3,B-park,rampline-all-in,All In,rampline-all-in,All In,,All In,Surface=wet_pour:Wet pour,BP 06,Wet pour,773685.0,591053.0,,
167,BP 06 LF,- for installation in grass/loose fills,SHOCKDECK™,0.3,B-park,rampline-all-in,All In,rampline-all-in,All In,,All In,Surface=loose_fills:Loose fills,BP 06 LF,Loose fills,823973.0,626255.0,,
168,BP 06 AG,- for installation in artificial grass,SHOCKDECK™,0.3,B-park,rampline-all-in,All In,rampline-all-in,All In,,All In,Surface=artificial_grass:Artificial grass,BP 06 AG,Artificial grass,786848.0,600267.0,,
170,BP 08,The floor is lava,SHOCKDECK™,0.3,B-park,rampline-the-floor-is-lava,The Floor Is Lava,rampline-the-floor-is-lava,The Floor Is Lava,,The Floor Is Lava,Surface=wet_pour:Wet pour,BP 08,Wet pour,500626.0,350438.0,,
171,BP 08 LF,- for installation in grass/loose fills,SHOCKDECK™,0.3,B-park,rampline-the-floor-is-lava,The Floor Is Lava,rampline-the-floor-is-lava,The Floor Is Lava,,The Floor Is Lava,Surface=loose_fills:Loose fills,BP 08 LF,Loose fills,568874.0,398212.0,,
172,BP 08 AG,- for installation in artificial grass,SHOCKDECK™,0.3,B-park,rampline-the-floor-is-lava,The Floor Is Lava,rampline-the-floor-is-lava,The Floor Is Lava,,The Floor Is Lava,Surface=artificial_grass:Artificial grass,BP 08 AG,Artificial grass,522662.0,365863.0,,
174,BP 10,Don't step ….,SHOCKDECK™,0.3,B-park,rampline-dont-step-into-the-water,Don't Step Into The Water,rampline-dont-step-into-the-water,Don't Step Into The Water,,Don't Step Into The Water,Surface=wet_pour:Wet pour,BP 10,Wet pour,162619.0,113833.0,,
175,BP 10 LF,- for installation in grass/loose fills,SHOCKDECK™,0.3,B-park,rampline-dont-step-into-the-water,Don't Step Into The Water,rampline-dont-step-into-the-water,Don't Step Into The Water,,Don't Step Into The Water,Surface=loose_fills:Loose fills,BP 10 LF,Loose fills,173791.0,121654.0,,
176,BP 10 AG,- for installation in artificial grass,SHOCKDECK™,0.3,B-park,rampline-dont-step-into-the-water,Don't Step Into The Water,rampline-dont-step-into-the-water,Don't Step Into The Water,,Don't Step Into The Water,Surface=artificial_grass:Artificial grass,BP 10 AG,Artificial grass,167007.0,116905.0,,
178,BP 11,Junior Power 2,SHOCKDECK™,0.3,B-park,rampline-junior-power-ii,Junior Power II,rampline-junior-power-ii,Junior Power II,,Junior Power II,Surface=wet_pour:Wet pour,BP 11,Wet pour,360240.0,252168.0,,
179,BP 11 LF,- for installation in grass/loose fills,SHOCKDECK™,0.3,B-park,rampline-junior-power-ii,Junior Power II,rampline-junior-power-ii,Junior Power II,,Junior Power II,Surface=loose_fills:Loose fills,BP 11 LF,Loose fills,404174.0,282922.0,,
180,BP 11 AG,- for installation in artificial grass,SHOCKDECK™,0.3,B-park,rampline-junior-power-ii,Junior Power II,rampline-junior-power-ii,Junior Power II,,Junior Power II,Surface=artificial_grass:Artificial grass,BP 11 AG,Artificial grass,372208.0,260546.0,,
182,BP 15,Marathon Play,SHOCKDECK™,0.3,B-park,rampline-marathon-play,Marathon Play,rampline-marathon-play,Marathon Play,,Marathon Play,Surface=wet_pour:Wet pour,BP 15,Wet pour,1321055.0,1155325.0,,
183,BP 15 LF,- for installation in grass/loose fills,SHOCKDECK™,0.3,B-park,rampline-marathon-play,Marathon Play,rampline-marathon-play,Marathon Play,,Marathon Play,Surface=loose_fills:Loose fills,BP 15 LF,Loose fills,1383990.0,1199380.0,,
184,BP 15 AG,- for installation in artificial grass,SHOCKDECK™,0.3,B-park,rampline-marathon-play,Marathon Play,rampline-marathon-play,Marathon Play,,Marathon Play,Surface=artificial_grass:Artificial grass,BP 15 AG,Artificial grass,1341092.0,1169351.0,,
186,BP 17,Junior Power,SHOCKDECK™,0.3,B-park,rampline-junior-power,Junior Power,rampline-junior-power,Junior Power,,Junior Power,Surface=wet_pour:Wet pour,BP 17,Wet pour,199400.0,139580.0,,
187,BP 17 LF,- for installation in grass/loose fills,SHOCKDECK™,0.3,B-park,rampline-junior-power,Junior Power,rampline-junior-power,Junior Power,,Junior Power,Surface=loose_fills:Loose fills,BP 17 LF,Loose fills,219398.0,153579.0,,
188,BP 17 AG,- for installation in artificial grass,SHOCKDECK™,0.3,B-park,rampline-junior-power,Junior Power,rampline-junior-power,Junior Power,,Junior Power,Surface=artificial_grass:Artificial grass,BP 17 AG,Artificial grass,206396.0,144477.0,,
190,BP 18,Never Stop Playing,SHOCKDECK™,0.3,B-park,rampline-never-stop-playing,Never Stop Playing,rampline-never-stop-playing,Never Stop Playing,,Never Stop Playing,Surface=wet_pour:Wet pour,BP 18,Wet pour,574454.0,426855.0,,
191,BP 18 LF,- for installation in grass/loose fills,SHOCKDECK™,0.3,B-park,rampline-never-stop-playing,Never Stop Playing,rampline-never-stop-playing,Never Stop Playing,,Never Stop Playing,Surface=loose_fills:Loose fills,BP 18 LF,Loose fills,608347.0,450580.0,,
192,BP 18 AG,- for installation in artificial grass,SHOCKDECK™,0.3,B-park,rampline-never-stop-playing,Never Stop Playing,rampline-never-stop-playing,Never Stop Playing,,Never Stop Playing,Surface=artificial_grass:Artificial grass,BP 18 AG,Artificial grass,579792.0,430591.0,,
194,BP 19,Classic Jump,SHOCKDECK™,0.3,B-park,rampline-classic-jump,Classic Jump,rampline-classic-jump,Classic Jump,,Classic Jump,Surface=wet_pour:Wet pour,BP 19,Wet pour,228155.0,159708.0,,
195,BP 19 LF,- for installation in grass/loose fills,SHOCKDECK™,0.3,B-park,rampline-classic-jump,Classic Jump,rampline-classic-jump,Classic Jump,,Classic Jump,Surface=loose_fills:Loose fills,BP 19 LF,Loose fills,247693.0,173385.0,,
196,BP 19 AG,- for installation in artificial grass,SHOCKDECK™,0.3,B-park,rampline-classic-jump,Classic Jump,rampline-classic-jump,Classic Jump,,Classic Jump,Surface=artificial_grass:Artificial grass,BP 19 AG,Artificial grass,232421.0,162695.0,,
198,BP 21,Fearless,SHOCKDECK™,0.3,B-park,rampline-fearless,Fearless,rampline-fearless,Fearless,,Fearless,Surface=wet_pour:Wet pour,BP 21,Wet pour,466046.0,350969.0,,
199,BP 21 LF,- for installation in grass/loose fills,SHOCKDECK™,0.3,B-park,rampline-fearless,Fearless,rampline-fearless,Fearless,,Fearless,Surface=loose_fills:Loose fills,BP 21 LF,Loose fills,509877.0,381651.0,,
200,BP 21 AG,- for installation in artificial grass,SHOCKDECK™,0.3,B-park,rampline-fearless,Fearless,rampline-fearless,Fearless,,Fearless,Surface=artificial_grass:Artificial grass,BP 21 AG,Artificial grass,478259.0,359518.0,,
202,BP 22,Crouching Tiger,SHOCKDECK™,0.3,B-park,rampline-crouching-tiger,Crouching Tiger,rampline-crouching-tiger,Crouching Tiger,,Crouching Tiger,Surface=wet_pour:Wet pour,BP 22,Wet pour,334464.0,234125.0,,
203,BP 22 LF,- for installation in grass/loose fills,SHOCKDECK™,0.3,B-park,rampline-crouching-tiger,Crouching Tiger,rampline-crouching-tiger,Crouching Tiger,,Crouching Tiger,Surface=loose_fills:Loose fills,BP 22 LF,Loose fills,374459.0,262121.0,,
204,BP 22 AG,- for installation in artificial grass,SHOCKDECK™,0.3,B-park,rampline-crouching-tiger,Crouching Tiger,rampline-crouching-tiger,Crouching Tiger,,Crouching Tiger,Surface=artificial_grass:Artificial grass,BP 22 AG,Artificial grass,348334.0,243834.0,,
206,BP 24,Cliffhanger,SHOCKDECK™,0.3,B-park,rampline-cliffhanger,Cliffhanger,rampline-cliffhanger,Cliffhanger,,Cliffhanger,Surface=wet_pour:Wet pour,BP 24,Wet pour,728189.0,559206.0,,
207,BP 24 LF,- for installation in grass/loose fills,SHOCKDECK™,0.3,B-park,rampline-cliffhanger,Cliffhanger,rampline-cliffhanger,Cliffhanger,,Cliffhanger,Surface=loose_fills:Loose fills,BP 24 LF,Loose fills,780839.0,596061.0,,
208,BP 24 AG,- for installation in artificial grass,SHOCKDECK™,0.3,B-park,rampline-cliffhanger,Cliffhanger,rampline-cliffhanger,Cliffhanger,,Cliffhanger,Surface=artificial_grass:Artificial grass,BP 24 AG,Artificial grass,739572.0,567174.0,,
210,BP 25,Take 5,SHOCKDECK™,0.3,B-park,rampline-take-5,Take 5,rampline-take-5,Take 5,,Take 5,Surface=wet_pour:Wet pour,BP 25,Wet pour,321734.0,225214.0,,
211,BP 25 LF,- for installation in grass/loose fills,SHOCKDECK™,0.3,B-park,rampline-take-5,Take 5,rampline-take-5,Take 5,,Take 5,Surface=loose_fills:Loose fills,BP 25 LF,Loose fills,355560.0,248892.0,,
212,BP 25 AG,- for installation in artificial grass,SHOCKDECK™,0.3,B-park,rampline-take-5,Take 5,rampline-take-5,Take 5,,Take 5,Surface=artificial_grass:Artificial grass,BP 25 AG,Artificial grass,329680.0,230776.0,,
214,BP 27,Pulse Zone,SHOCKDECK™,0.3,B-park,rampline-pulse-zone,Pulse Zone,rampline-pulse-zone,Pulse Zone,,Pulse Zone,Surface=wet_pour:Wet pour,BP 27,Wet pour,321420.0,237362.0,,
215,BP 27 LF,- for installation in grass/loose fills,SHOCKDECK™,0.3,B-park,rampline-pulse-zone,Pulse Zone,rampline-pulse-zone,Pulse Zone,,Pulse Zone,Surface=loose_fills:Loose fills,BP 27 LF,Loose fills,355369.0,261127.0,,
216,BP 27 AG,- for installation in artificial grass,SHOCKDECK™,0.3,B-park,rampline-pulse-zone,Pulse Zone,rampline-pulse-zone,Pulse Zone,,Pulse Zone,Surface=artificial_grass:Artificial grass,BP 27 AG,Artificial grass,330317.0,243590.0,,
218,BP 30,Hunting H&L,SHOCKDECK™,0.3,B-park,rampline-hunting-high-and-low,Hunting High and Low,rampline-hunting-high-and-low,Hunting High and Low,,Hunting High and Low,Surface=wet_pour:Wet pour,BP 30,Wet pour,546905.0,419939.0,,
219,BP 30 LF,- for installation in grass/loose fills,SHOCKDECK™,0.3,B-park,rampline-hunting-high-and-low,Hunting High and Low,rampline-hunting-high-and-low,Hunting High and Low,,Hunting High and Low,Surface=loose_fills:Loose fills,BP 30 LF,Loose fills,593812.0,452774.0,,
220,BP 30 AG,- for installation in artificial grass,SHOCKDECK™,0.3,B-park,rampline-hunting-high-and-low,Hunting High and Low,rampline-hunting-high-and-low,Hunting High and Low,,Hunting High and Low,Surface=artificial_grass:Artificial grass,BP 30 AG,Artificial grass,560068.0,429153.0,,
222,BP 31,Defying Gravity,SHOCKDECK™,0.3,B-park,rampline-defying-gravity,Defying Gravity,rampline-defying-gravity,Defying Gravity,,Defying Gravity,Surface=wet_pour:Wet pour,BP 31,Wet pour,378133.0,289430.0,,
223,BP 31 LF,- for installation in grass/loose fills,SHOCKDECK™,0.3,B-park,rampline-defying-gravity,Defying Gravity,rampline-defying-gravity,Defying Gravity,,Defying Gravity,Surface=loose_fills:Loose fills,BP 31 LF,Loose fills,399672.0,304507.0,,
224,BP 31 AG,- for installation in artificial grass,SHOCKDECK™,0.3,B-park,rampline-defying-gravity,Defying Gravity,rampline-defying-gravity,Defying Gravity,,Defying Gravity,Surface=artificial_grass:Artificial grass,BP 31 AG,Artificial grass,383349.0,293081.0,,
226,BP 32,Fast & Curious,SHOCKDECK™,0.3,B-park,rampline-fast-and-curious,Fast and Curious,rampline-fast-and-curious,Fast and Curious,,Fast and Curious,Surface=wet_pour:Wet pour,BP 32,Wet pour,344995.0,266233.0,,
227,BP 32 LF,- for installation in grass/loose fills,SHOCKDECK™,0.3,B-park,rampline-fast-and-curious,Fast and Curious,rampline-fast-and-curious,Fast and Curious,,Fast and Curious,Surface=loose_fills:Loose fills,BP 32 LF,Loose fills,371402.0,284718.0,,
228,BP 32 AG,- for installation in artificial grass,SHOCKDECK™,0.3,B-park,rampline-fast-and-curious,Fast and Curious,rampline-fast-and-curious,Fast and Curious,,Fast and Curious,Surface=artificial_grass:Artificial grass,BP 32 AG,Artificial grass,352112.0,271215.0,,
230,BP 33,Play Tag,SHOCKDECK™,0.3,B-park,rampline-play-tag,Play Tag,rampline-play-tag,Play Tag,,Play Tag,Surface=wet_pour:Wet pour,BP 33,Wet pour,585790.0,434790.0,,
231,BP 33 LF,- for installation in grass/loose fills,SHOCKDECK™,0.3,B-park,rampline-play-tag,Play Tag,rampline-play-tag,Play Tag,,Play Tag,Surface=loose_fills:Loose fills,BP 33 LF,Loose fills,647843.0,478227.0,,
232,BP 33 AG,- for installation in artificial grass,SHOCKDECK™,0.3,B-park,rampline-play-tag,Play Tag,rampline-play-tag,Play Tag,,Play Tag,Surface=artificial_grass:Artificial grass,BP 33 AG,Artificial grass,606777.0,449481.0,,
234,BP 34,Flex Forest,SHOCKDECK™,0.3,B-park,rampline-flex-forest,Flex Forest,rampline-flex-forest,Flex Forest,,Flex Forest,Surface=wet_pour:Wet pour,BP 34,Wet pour,531203.0,396579.0,,
235,BP 34 LF,- for installation in grass/loose fills,SHOCKDECK™,0.3,B-park,rampline-flex-forest,Flex Forest,rampline-flex-forest,Flex Forest,,Flex Forest,Surface=loose_fills:Loose fills,BP 34 LF,Loose fills,574311.0,426754.0,,
236,BP 34 AG,- for installation in artificial grass,SHOCKDECK™,0.3,B-park,rampline-flex-forest,Flex Forest,rampline-flex-forest,Flex Forest,,Flex Forest,Surface=artificial_grass:Artificial grass,BP 34 AG,Artificial grass,540100.0,402807.0,,
